{
  "source_zips": [
    "/mnt/data/AiSmart-Trader-main.zip",
    "/mnt/data/Ai-trade-kiro-2025-jul-20-main.zip"
  ],
  "extracted_projects": {
    "AiSmart-Trader-main": "/mnt/data/_extract_work/AiSmart-Trader-main/AiSmart-Trader-main",
    "Ai-trade-kiro-2025-jul-20-main": "/mnt/data/_extract_work/Ai-trade-kiro-2025-jul-20-main/Ai-trade-kiro-2025-jul-20-main"
  },
  "inventory_top": {
    "AiSmart-Trader-main": [
      ".env.example",
      ".gitignore",
      "Dockerfile",
      "README.md",
      "database/README.md",
      "database/init.sql",
      "database/postgresql.conf",
      "database/redis-master.conf",
      "database/redis-replica.conf",
      "database/timescale_init.sql",
      "database/timescaledb.conf",
      "docker-build.sh",
      "docker-compose.yml",
      "monitoring/README.md",
      "monitoring/grafana/dashboards/aismart-overview.json",
      "monitoring/grafana/provisioning/dashboards/dashboards.yml",
      "monitoring/grafana/provisioning/datasources/datasource.yml",
      "monitoring/prometheus.yml",
      "next-env.d.ts",
      "next.config.js",
      "package.json",
      "public/manifest.json",
      "scripts/auto_setup.bat",
      "scripts/chech-type.sh",
      "scripts/check-types.sh",
      "scripts/clean.sh",
      "scripts/cp_setup_clean.ps1",
      "scripts/docker-build.sh",
      "scripts/fix-tailwind.bat",
      "scripts/mcp_setup_clean.ps1",
      "scripts/mcp_setup_script.ps1",
      "scripts/setup-complete.bat",
      "scripts/setup-typescript.bat",
      "scripts/setup-typescript.sh",
      "scripts/setup.ts",
      "scripts/start-backend.bat",
      "scripts/start-frontend.bat",
      "scripts/task-automation.bat",
      "scripts/task-manager.bat",
      "setup-typescript.bat",
      "setup-typescript.sh",
      "setup.sh",
      "src/app/404.tsx",
      "src/app/ai-trading-dashboard.tsx",
      "src/app/api/health.ts",
      "src/app/api/loading.tsx",
      "src/app/api/markets/[symbol]/history/route.ts",
      "src/app/api/middleware.ts",
      "src/app/chart-demo/dashboard-client.tsx",
      "src/app/chart-demo/loading.tsx"
    ],
    "Ai-trade-kiro-2025-jul-20-main": [
      ".env.example",
      ".gitignore",
      ".next/app-build-manifest.json",
      ".next/build-manifest.json",
      ".next/cache/webpack/client-development/0.pack.gz",
      ".next/cache/webpack/client-development/index.pack.gz",
      ".next/package.json",
      ".next/react-loadable-manifest.json",
      ".next/server/app-paths-manifest.json",
      ".next/server/app/page.js",
      ".next/server/interception-route-rewrite-manifest.js",
      ".next/server/middleware-build-manifest.js",
      ".next/server/middleware-manifest.json",
      ".next/server/middleware-react-loadable-manifest.js",
      ".next/server/next-font-manifest.js",
      ".next/server/next-font-manifest.json",
      ".next/server/pages-manifest.json",
      ".next/server/server-reference-manifest.js",
      ".next/server/server-reference-manifest.json",
      ".next/server/vendor-chunks/@swc.js",
      ".next/server/vendor-chunks/framer-motion.js",
      ".next/server/vendor-chunks/lucide-react.js",
      ".next/server/vendor-chunks/next.js",
      ".next/server/webpack-runtime.js",
      ".next/static/chunks/polyfills.js",
      ".next/static/development/_buildManifest.js",
      ".next/static/development/_ssgManifest.js",
      ".next/trace",
      ".next/types/app/layout.ts",
      ".next/types/app/page.ts",
      ".next/types/package.json",
      ".vscode/aismart_trader_complete_spec (1).md",
      ".vscode/aismart_trader_complete_spec.md",
      ".vscode/settings.json",
      "Dockerfile",
      "Documents/FIXES_APPLIED.md",
      "Documents/README.md",
      "Documents/aismart-trader-task-board.md",
      "Documents/best_practices_guide.md",
      "Documents/compass_artifact_wf-bd8f654a-07f7-4f57-96c3-7f410e1cbdb8_text_markdown.md",
      "Documents/complete_documentation.md",
      "Documents/final_summary.md",
      "Documents/routing-usage-guide.md",
      "Documents/tasks.md",
      "Documents/tasks_reorganized.md",
      "Documents/updated_tasks.md",
      "README.md",
      "aismart-trader-kiro-spec.md",
      "aismart-trader-task-board.md",
      "backend/Dockerfile"
    ]
  },
  "curated_bundle": "/mnt/data/crypto_trader_curated",
  "frontend_included": [
    "frontend/README.md",
    "frontend/next.config.js",
    "frontend/package.json",
    "frontend/public/manifest.json",
    "frontend/src/app/404.tsx",
    "frontend/src/app/ai-trading-dashboard.tsx",
    "frontend/src/app/api/health.ts",
    "frontend/src/app/api/loading.tsx",
    "frontend/src/app/api/markets/[symbol]/history/route.ts",
    "frontend/src/app/api/middleware.ts",
    "frontend/src/app/chart-demo/dashboard-client.tsx",
    "frontend/src/app/chart-demo/loading.tsx",
    "frontend/src/app/chart-demo/page.tsx",
    "frontend/src/app/dashboard.tsx",
    "frontend/src/app/dashboard/page.tsx",
    "frontend/src/app/error.tsx",
    "frontend/src/app/fix_tailwind_problem.html",
    "frontend/src/app/globals.css",
    "frontend/src/app/layout.tsx",
    "frontend/src/app/loading.tsx",
    "frontend/src/app/markets/route.ts",
    "frontend/src/app/not_found.tsx",
    "frontend/src/app/page.tsx",
    "frontend/src/app/strategy-builder/page.tsx",
    "frontend/src/app/system_diagnosis.html",
    "frontend/src/app/trading/page.tsx",
    "frontend/src/components/ai/AIAnalyticsModule.tsx",
    "frontend/src/components/ai/AdvancedAITab.tsx",
    "frontend/src/components/ai/CloudBackupTab.tsx",
    "frontend/src/components/ai/LivePredictionsTab.tsx",
    "frontend/src/components/ai/ModelStorageTab.tsx",
    "frontend/src/components/ai/api_client_lib.ts",
    "frontend/src/components/ai/index.ts",
    "frontend/src/components/analytics/Analytics.tsx",
    "frontend/src/components/analytics/Analytics/__CandleChart.tsx",
    "frontend/src/components/dashboard/AIBacktestingModule.tsx",
    "frontend/src/components/dashboard/AIIntegration.tsx",
    "frontend/src/components/dashboard/AIModelConfigurationModule.tsx",
    "frontend/src/components/dashboard/AINotifications.tsx",
    "frontend/src/components/dashboard/AIStrategyBuilderWidget.tsx",
    "frontend/src/components/dashboard/Dashboard copy.tsx",
    "frontend/src/components/dashboard/Dashboard.tsx",
    "frontend/src/components/dashboard/Header copy.tsx",
    "frontend/src/components/dashboard/Header.tsx",
    "frontend/src/components/dashboard/LiveSignals copy.tsx",
    "frontend/src/components/dashboard/LiveSignals.tsx",
    "frontend/src/components/dashboard/MainContent copy.tsx",
    "frontend/src/components/dashboard/MainContent.tsx",
    "frontend/src/components/dashboard/MarketOverview copy.tsx",
    "frontend/src/components/dashboard/MarketOverview.tsx",
    "frontend/src/components/dashboard/Markets.tsx",
    "frontend/src/components/dashboard/PortfolioSummary copy.tsx",
    "frontend/src/components/dashboard/PortfolioSummary.tsx",
    "frontend/src/components/dashboard/Preview copy.tsx",
    "frontend/src/components/dashboard/Preview.tsx",
    "frontend/src/components/dashboard/Settings.tsx",
    "frontend/src/components/dashboard/Settings/DashboardSettings.tsx",
    "frontend/src/components/dashboard/Settings/GeneralSettings.tsx",
    "frontend/src/components/dashboard/Settings/SecuritySettings.tsx",
    "frontend/src/components/dashboard/Settings/TradingSettings.tsx",
    "frontend/src/components/dashboard/Settings/index.tsx",
    "frontend/src/components/dashboard/Sidebar copy.tsx",
    "frontend/src/components/dashboard/Sidebar.tsx",
    "frontend/src/components/dashboard/Signals.tsx",
    "frontend/src/components/dashboard/TradingChart copy.tsx",
    "frontend/src/components/dashboard/TradingChart.tsx",
    "frontend/src/components/dashboard/__skeletons/MetricCardSkeleton.tsx",
    "frontend/src/components/dashboard/__skeletons/TableSkeleton.tsx",
    "frontend/src/components/dashboard/charts/CandlestickRenderer.ts",
    "frontend/src/components/dashboard/charts/ChartEngine.ts",
    "frontend/src/components/dashboard/charts/TradingChart.tsx",
    "frontend/src/components/dashboard/charts/TradingChartWithCandlesticks.tsx",
    "frontend/src/components/dashboard/charts/__tests__/CandlestickRenderer.test.ts",
    "frontend/src/components/dashboard/charts/__tests__/ChartEngine.test.ts",
    "frontend/src/components/dashboard/data/aiModels.ts",
    "frontend/src/components/dashboard/index copy.ts",
    "frontend/src/components/dashboard/index.ts",
    "frontend/src/components/dashboard/settingscontext.tsx",
    "frontend/src/components/dashboard/shared/ExchangeAPICard.tsx",
    "frontend/src/components/dashboard/shared/ExchangeSVGIcons.tsx",
    "frontend/src/components/dashboard/shared/NotificationSettings.tsx",
    "frontend/src/components/dashboard/shared/PortfolioSettings.tsx",
    "frontend/src/components/dashboard/shared/SecuritySettings.tsx",
    "frontend/src/components/dashboard/shared/ThemeToggle.tsx",
    "frontend/src/components/dashboard/shared/ToggleSetting.tsx",
    "frontend/src/components/dashboard/shared/TradingConfirmation.tsx",
    "frontend/src/components/dashboard/shared/TradingSetupTab.tsx",
    "frontend/src/components/dashboard/shared/settings/SelectDropdown.tsx",
    "frontend/src/components/dashboard/shared/settings/SettingGroup.tsx",
    "frontend/src/components/dashboard/shared/settings/SliderControl.tsx",
    "frontend/src/components/dashboard/shared/settings/ToggleSwitch.tsx",
    "frontend/src/components/dashboard/trading/LiveOrderBook.tsx",
    "frontend/src/components/dashboard/tradingcontext.tsx",
    "frontend/src/components/dashboard/widgets/AIMarketInsightWidget.tsx",
    "frontend/src/components/dashboard/widgets/AIModelPerformanceWidget.tsx",
    "frontend/src/components/dashboard/widgets/AISignalMiniWidget.tsx",
    "frontend/src/components/dashboard/widgets/AISignalsWidget.tsx",
    "frontend/src/components/dashboard/widgets/AIStrategyWidget.tsx",
    "frontend/src/components/dashboard/widgets/AITradingAutomationWidget.tsx",
    "frontend/src/components/dashboard/widgets/MarketOverviewWidget.tsx",
    "frontend/src/components/dashboard/widgets/NewsWidget.tsx",
    "frontend/src/components/dashboard/widgets/OrderBookWidget.tsx",
    "frontend/src/components/dashboard/widgets/PerformanceWidget.tsx",
    "frontend/src/components/dashboard/widgets/PortfolioWidget.tsx",
    "frontend/src/components/dashboard/widgets/QuickTradeWidget.tsx",
    "frontend/src/components/dashboard/widgets/RiskManagerWidget.tsx",
    "frontend/src/components/dashboard/widgets/SettingsWidget.tsx",
    "frontend/src/components/dashboard/widgets/TechnicalAnalysisWidget.tsx",
    "frontend/src/components/dashboard/widgets/TradingChartWidget.tsx",
    "frontend/src/components/dashboard/widgets/WhaleTrackerWidget.tsx",
    "frontend/src/components/layout/Header.tsx",
    "frontend/src/components/layout/Sidebar.tsx",
    "frontend/src/components/portfolio/AdvancedPortfolio.tsx",
    "frontend/src/components/portfolio/PortfolioSummary.tsx",
    "frontend/src/components/providers.tsx",
    "frontend/src/components/providers/index.tsx",
    "frontend/src/components/strategy-builder/StrategyBuilder.tsx",
    "frontend/src/components/strategy-builder/controls/StrategyControls.tsx",
    "frontend/src/components/strategy-builder/modals/LoadStrategyModal.tsx",
    "frontend/src/components/strategy-builder/modals/SaveStrategyModal.tsx",
    "frontend/src/components/strategy-builder/nodes/ActionNode.tsx",
    "frontend/src/components/strategy-builder/nodes/ComponentNode.tsx",
    "frontend/src/components/strategy-builder/nodes/ConditionNode.tsx",
    "frontend/src/components/strategy-builder/nodes/OperatorNode.tsx",
    "frontend/src/components/strategy-builder/panels/BacktestPanel.tsx",
    "frontend/src/components/strategy-builder/panels/ComponentPanel.tsx",
    "frontend/src/components/trading/CryptoTradingDashboard.tsx",
    "frontend/src/components/trading/HybridSignalWidget.tsx",
    "frontend/src/components/trading/MarketOverview.tsx",
    "frontend/src/components/trading/OrderBook.tsx",
    "frontend/src/components/trading/OrderEntryForm.tsx",
    "frontend/src/components/trading/OrderForm.tsx",
    "frontend/src/components/trading/OrderHistory.tsx",
    "frontend/src/components/trading/OrderPreview.tsx",
    "frontend/src/components/trading/PortfolioSummary.tsx",
    "frontend/src/components/trading/PriceDisplay.tsx",
    "frontend/src/components/trading/SignalCard.tsx",
    "frontend/src/components/trading/TradingViewChart.tsx",
    "frontend/src/components/trading/advanced_crypto_trading.tsx",
    "frontend/src/components/ui/Alert.tsx",
    "frontend/src/components/ui/Badge.tsx",
    "frontend/src/components/ui/Button.tsx",
    "frontend/src/components/ui/Card.tsx",
    "frontend/src/components/ui/ConnectionStatus.tsx",
    "frontend/src/components/ui/Dialog.tsx",
    "frontend/src/components/ui/Input.tsx",
    "frontend/src/components/ui/LoadingFallback.tsx",
    "frontend/src/components/ui/Select.tsx",
    "frontend/src/components/ui/Skeleton.tsx",
    "frontend/src/components/ui/Spinner.tsx",
    "frontend/src/components/ui/Switch.tsx",
    "frontend/src/components/ui/Tabs.tsx",
    "frontend/src/components/ui/ThemeToggle.tsx",
    "frontend/src/components/ui/Toast.tsx",
    "frontend/src/components/ui/ToastContainer.tsx",
    "frontend/src/components/ui/Tooltip.tsx",
    "frontend/src/components/ui/index.html",
    "frontend/src/contexts/SettingsContext.tsx",
    "frontend/src/contexts/ThemeContext.tsx",
    "frontend/src/contexts/TradingContext.tsx",
    "frontend/src/hooks/useApi.ts",
    "frontend/src/hooks/useChartData.ts",
    "frontend/src/hooks/useDashboard.ts",
    "frontend/src/hooks/useLocalStorage.ts",
    "frontend/src/hooks/useMarketData.ts",
    "frontend/src/hooks/useMediaQuery.ts",
    "frontend/src/hooks/useRealTimeData.ts",
    "frontend/src/hooks/useToast.ts",
    "frontend/src/hooks/useTrading.ts",
    "frontend/src/hooks/useWebSocket.ts",
    "frontend/src/lib/api-client.ts",
    "frontend/src/lib/api.ts",
    "frontend/src/lib/api/apiclient.ts",
    "frontend/src/lib/api/client.ts",
    "frontend/src/lib/api/index.ts",
    "frontend/src/lib/api/marketApi.ts",
    "frontend/src/lib/api/portfolioApi.ts",
    "frontend/src/lib/api/signalsApi.ts",
    "frontend/src/lib/api_compatible_types.ts",
    "frontend/src/lib/auth/biometric.ts",
    "frontend/src/lib/auth/deviceFingerprint.ts",
    "frontend/src/lib/auth/encryption.ts",
    "frontend/src/lib/auth/jwt.ts",
    "frontend/src/lib/auth/rateLimiter.ts",
    "frontend/src/lib/auth/twoFactor.ts",
    "frontend/src/lib/auth/types.ts",
    "frontend/src/lib/config.ts",
    "frontend/src/lib/stores/apiUtils.ts",
    "frontend/src/lib/stores/index.ts",
    "frontend/src/lib/stores/marketStore.ts",
    "frontend/src/lib/stores/portfolioStore.ts",
    "frontend/src/lib/stores/signalStore.ts",
    "frontend/src/lib/trading/apiService.ts",
    "frontend/src/lib/utils/apiUtils.ts",
    "frontend/src/lib/utils/cn.ts",
    "frontend/src/lib/utils/index.ts",
    "frontend/src/lib/utils/indicators.ts",
    "frontend/src/lib/websocket/index.ts",
    "frontend/src/pages/ai-signals.tsx",
    "frontend/src/services/ThemeContext.tsx",
    "frontend/src/services/aiAnalyticsService.ts",
    "frontend/src/services/aiExternalService.ts",
    "frontend/src/services/aiNotificationService.ts",
    "frontend/src/services/aiTradingAutomationService.ts",
    "frontend/src/services/api.ts",
    "frontend/src/services/apiService.ts",
    "frontend/src/services/comprehensive-dashboard-service.ts",
    "frontend/src/services/dashboardService.ts",
    "frontend/src/services/hybridSignalService.ts",
    "frontend/src/services/hybridTradingService.ts",
    "frontend/src/services/marketService.ts",
    "frontend/src/services/mlService.ts",
    "frontend/src/services/mockApiService.ts",
    "frontend/src/services/newsService.ts",
    "frontend/src/services/notificationService.ts",
    "frontend/src/services/portfolioService.ts",
    "frontend/src/services/realDataService.ts",
    "frontend/src/services/realTimeService.ts",
    "frontend/src/services/signalService.ts",
    "frontend/src/services/strategyApiService.ts",
    "frontend/src/services/strategyBuilderService.ts",
    "frontend/src/services/tradeExecutionService.ts",
    "frontend/src/services/tradingService.ts",
    "frontend/src/types/index.ts",
    "frontend/src/types/market.ts",
    "frontend/src/types/react.d.ts",
    "frontend/src/types/signals.ts",
    "frontend/src/types/trading.ts",
    "frontend/tailwind.config.js",
    "frontend/tsconfig.json"
  ],
  "backend_included": [
    "backend/alembic.ini",
    "backend/alembic/__init__.py",
    "backend/alembic/env.py",
    "backend/alembic/script.py.mako",
    "backend/alembic/versions/initial_migration.py",
    "backend/main.py",
    "backend/pyproject.toml",
    "backend/requirements.txt",
    "backend/services/__init__.py",
    "backend/services/__pycache__/hybrid_signal_service.cpython-311.pyc",
    "backend/services/__pycache__/model_training_service.cpython-311.pyc",
    "backend/services/alert_service.py",
    "backend/services/backtest_service.py",
    "backend/services/backtesting_service.py",
    "backend/services/hybrid_signal_service.py",
    "backend/services/market_data_service.py",
    "backend/services/market_regime_service.py",
    "backend/services/ml_prediction_service.py",
    "backend/services/ml_service.py",
    "backend/services/model_training_service.py",
    "backend/services/notification_service.py",
    "backend/services/pattern_recognition_service.py",
    "backend/services/portfolio_optimization_service.py",
    "backend/services/portfolio_service.py",
    "backend/services/project_audit_report.md",
    "backend/services/security_service.py",
    "backend/services/sentiment_service.py",
    "backend/services/signal_service.py",
    "backend/services/simplified_signal_service.py",
    "backend/services/strategy_service.py",
    "backend/services/technical_analysis_service.py",
    "backend/services/user_service.py",
    "backend/services/webhook_service.py",
    "backend/services/websocket_service.py",
    "backend/services/whale_analysis_service.py",
    "backend/tests/__init__.py",
    "backend/tests/conftest.py",
    "backend/tests/test_db_connection.py",
    "backend/tests/test_health.py",
    "backend/tests/test_normalization.py",
    "backend/websocket/data_streamer.py",
    "backend/websocket/mobile_optimization.py",
    "backend/websocket/position_updates.py"
  ]
}